{
  "project_info": {
    "project_number": "62729585450",
    "project_id": "classtonomer-am",
    "storage_bucket": "classtonomer-am.appspot.com"
  },
  "client": [
    {
      "client_info": {
        "mobilesdk_app_id": "1:62729585450:android:3c978c997e27bdb31c9453",
        "android_client_info": {
          "package_name": "com.example.classtonomeram"
        }
      },
      "oauth_client": [
        {
          "client_id": "62729585450-l01jtk9mm30kfck0nn344f9va635giie.apps.googleusercontent.com",
          "client_type": 3
        }
      ],
      "api_key": [
        {
          "current_key": "AIzaSyBbHuZOZMLhkPwal3maGqWlmVkXQlMeoMM"
        }
      ],
      "services": {
        "appinvite_service": {
          "other_platform_oauth_client": [
            {
              "client_id": "62729585450-l01jtk9mm30kfck0nn344f9va635giie.apps.googleusercontent.com",
              "client_type": 3
            }
          ]
        }
      }
    }
  ],
  "configuration_version": "1"
}